gene	PATH
10	0.0
100	0.0
1000	0.0
10000	0.0
10002	0.0
100033413	0.0
10008	0.0
1001	0.0
10011	0.0
100127206	0.0
100128908	0.0
100128927	0.0
10013	0.0
100131801	0.0
100134444	0.0
100144748	0.0
100147744	0.0
10015	0.0
100151683	0.0
10019	0.0
10020	0.0
10021	0.0
10026	0.0
100288687	0.0
100303755	0.0
10043	0.0
10046	0.0
10049	0.0
100506658	0.0
10054	0.0
10056	0.0
10058	0.0
10059	0.0
10060	0.0
10068	0.0
10073	0.0
10075	0.0
10079	0.0
10082	0.0
100820829	0.0
10083	0.0
10084	0.0
10087	0.0
1009	0.0
10092	0.0
10093	0.0
10095	0.0
100996717	0.0
10102	0.0
101060691	0.0
10108	0.0
101101692	0.0
10111	0.0
10112	0.0
10117	0.0
10125	0.0
10126	0.0
10128	0.0
1013	0.0
10133	0.0
10134	0.0
10137	0.0
10142	0.0
10144	0.0
10149	0.0
10155	0.0
10157	0.0
10159	0.0
10161	0.0
10165	0.0
10166	0.0
1019	0.0
101928376	0.0
101929726	0.0
10194	0.0
10195	0.0
102	0.0
1020	0.0
10203	0.0
10205	0.0
1021	0.0
10210	0.0
10216	0.0
10220	0.0
10225	0.0
10229	0.0
10233	0.0
10235	0.0
10236	0.0
1024	0.0
10243	0.0
10253	0.0
1026	0.0
10262	0.0
10265	0.0
10269	0.0
1027	0.0
10273	0.0
10274	0.0
10277	0.0
1028	0.0
10280	0.0
10282	0.0
10283	0.0
1029	0.0
10290	0.0
10293	0.0
10295	0.0
10297	0.0
10299	0.0
103	0.0
1030	0.0
10300	0.0
10309	0.0
1031	0.0
10312	0.0
10318	0.0
10319	0.0
10320	0.0
10324	0.0
10329	0.0
10342	0.0
10345	0.0
10347	0.0
10352	0.0
10367	0.0
10369	0.0
10370	0.0
10371	0.0
10379	0.0
10381	0.0
10382	0.0
10383	0.0
10388	0.0
10395	0.0
10397	0.0
10398	0.0
104	0.0
1041	0.0
10413	0.0
10430	0.0
10436	0.0
10452	0.0
10456	0.0
10457	0.0
10459	0.0
10461	0.0
10463	0.0
10464	0.0
10466	0.0
10472	0.0
10479	0.0
10483	0.0
10484	0.0
10486	0.0
10491	0.0
1050	0.0
10501	0.0
10507	0.0181818181818181
10512	0.0
10516	0.0
10518	0.0
10519	0.0
10522	0.0
10524	0.0
10525	0.0
105259599	0.0
10526	0.0
10528	0.0
1053	0.0
10531	0.0
10533	0.0
10535	0.0
105371045	0.0
10551	0.0
10555	0.0
10558	0.0
10559	0.0
1056	0.0
10560	0.0
10564	0.0
10565	0.0
10566	0.0
10568	0.0
10576	0.0
10577	0.0
105804841	0.0
10584	0.0
10585	0.0
10586	0.0
10587	0.0
10588	0.0
10594	0.0
10599	0.0
10606	0.0
10613	0.0
10616	0.0
10617	0.0
1062	0.0
10621	0.0
10625	0.0
1063	0.0
10630	0.0
10641	0.0
10644	0.0
10651	0.0
10653	0.0
10654	0.0
10659	0.0
1066	0.0
10660	0.0
10661	0.0
10664	0.0
10667	0.0
10677	0.0
10681	0.0
10682	0.0
10683	0.0
10686	0.0
10695	0.0
10699	0.0
107	0.0
1071	0.0
10714	0.0
10715	0.0
10716	0.0
10717	0.0
1073	0.0
10730	0.0
10733	0.0
10734	0.0
10735	0.0
10736	0.0
10743	0.0
10747	0.2
10749	0.0
1075	0.0
10750	0.0
10755	0.0
10758	0.0
10765	0.0
10771	0.0
10785	0.0
1080	0.0
10801	0.0
10804	0.0
10806	0.0
10815	0.0
1084	0.0
10841	0.0
10842	0.0
10844	0.0
10845	0.0
10846	0.0
10847	0.0
10848	0.0
10861	0.0
10878	0.0
10881	0.0
10891	0.0
10892	0.0
10894	0.0
109	0.0
10907	0.0
10908	0.0
10913	0.0
10916	0.0
10935	0.0
10939	0.0
10940	0.0
10943	0.0
109580095	0.0
10973	0.0
10978	0.0
10982	0.0
10984	0.0
10991	0.0
10992	0.0
10999	0.0
11005	0.0
11011	0.0
11012	0.0
11014	0.0
11019	0.0
11020	0.0
11023	0.0
1103	0.0
11041	0.0
11043	0.0
1105	0.0
11055	0.0
1106	0.0
1107	0.0
11077	0.0
11078	0.0
1108	0.0
11080	0.0
11081	0.0
1109	0.0
11093	0.0
111	0.0
11107	0.0
1111	0.0
11113	0.0
11117	0.0
11128	0.0
11133	0.0
11136	0.0
111365204	0.0
11141	0.0
11145	0.0
11146	0.0
11149	0.0
11151	0.0
11152	0.0
11154	0.0
11155	0.0
1116	0.0
11160	0.0
11178	0.0
11181	0.0
1119	0.0
11190	0.0
11193	0.0
11198	0.0
112	0.0
1120	0.0
11200	0.0
1121	0.0
11212	0.0
11222	0.0
11224	0.0
1123	0.0
11231	0.0
11232	0.0
11234	0.0
11235	0.0
11236	0.0
112476	0.0
11253	0.0
11254	0.0
11261	0.0
11267	0.0
11274	0.0
112744	0.0
112752	0.0
112755	0.0
11277	0.0
11280	0.0
112802	0.0
11281	0.0
112812	0.0
112817	0.0
11284	0.0
11285	0.0
112858	0.0
112939	0.0
1130	0.0
1131	0.0
11311	0.0
11315	0.0
113179	0.0
113189	0.0
11322	0.0
113220	0.0
113235	0.0
113246	0.0
113278	0.0
11330	0.0
11338	0.0
1134	0.0
11340	0.0
11342	0.0
113457	0.0
1135	0.0
1136	0.0
113612	0.0
1137	0.0
1139	0.0
1140	0.0
114034	0.0
114049	0.0
1141	0.0
114327	0.0
1144	0.0
1145	0.0
114548	0.0
1146	0.0
1147	0.0
114798	0.0
114803	0.0
114902	0.0
114928	0.0
115019	0.0
115286	0.0
115399	0.0
115650	0.0
115908	0.0
115948	0.0
116085	0.0
1161	0.0
116115	0.0
116150	0.0
116228	0.0
116369	0.0
116442	0.0
116461	0.0
116519	0.0
116931	0.0
117144	0.0
117155	0.0
117156	0.0
1173	0.0
1174	0.0
1175	0.0
117531	0.0
117581	0.0
118	0.0
1180	0.0
1181	0.0
1182	0.0
1183	0.0
1184	0.0
118429	0.0
118491	0.0
1185	0.0
1186	0.0
1187	0.0
1188	0.0
118856	0.0
118924	0.0
118987	0.0
1193	0.0
119559	0.0
120	0.0
1200	0.0
1201	0.0
120227	0.0
1203	0.0
120766137	0.0
120892	0.0
121214	0.0
121278	0.0
1213	0.0
121340	0.0
121391	0.0
121512	0.0
122402	0.0
122481	0.0
122553	0.0
122622	0.0
122961	0.0
1230	0.0
123016	0.0
123041	0.0
123263	0.0
123264	0.0
1235	0.0
123606	0.0
123624	0.0
123872	0.0
124093	0.0
1244	0.0
124404	0.0
124454	0.0
124512	0.0
124583	0.0
124590	0.0
124842	0.0
124976	0.0
124997	0.0
125	0.0
125150	0.0
125170	0.0
125336	0.0
1258	0.0
1259	0.0
125988	0.0
126	0.0
1261	0.0
126129	0.0
126206	0.0
126326	0.0
126328	0.0
126410	0.0
126695	0.0
1267	0.0
126792	0.0
1272	0.0
127534	0.0
1277	0.0
1278	0.0
127833	0.0
128	0.0
1280	0.0
1281	0.0
128178	0.0
1282	0.0
128240	0.0
128338	0.0
1284	0.0
128486	0.0
1285	0.0
1286	0.0
128637	0.0
128674	0.0
1287	0.0
1288	0.0
128866	0.0
128869	0.0
1289	0.0
128989	0.0
1290	0.0
1291	0.0
1292	0.0
129285	0.0
1293	0.0
1294	0.0
129563	0.0
1296	0.0
129607	0.0
129685	0.0
1297	0.0
1298	0.0
129880	0.0
1299	0.0
1300	0.0
1301	0.0
1302	0.0
1303	0.0
130340	0.0
1305	0.0
130557	0.0
130589	0.0
1308	0.0
130951	0.0
1311	0.0
131118	0.0
1312	0.0
131377	0.0
1314	0.0
131405	0.0
1315	0.0
1316	0.0
131669	0.0
1317	0.0
132	0.0
132001	0.0
132158	0.0
132320	0.0
1326	0.0
1327	0.0
132884	0.0
133396	0.0
133686	0.0
1337	0.0
1339	0.0
1340	0.0
134218	0.0
134353	0.0
134359	0.0
134430	0.0
134701	0.0
1349	0.0
135	0.0
1351	0.0
1352	0.0
135228	0.0
1353	0.0
1355	0.0
1356	0.0
1357	0.0
135886	0.0
135935	0.0
1363	0.0
136371	0.0
136647	0.0
1369	0.0
1371	0.0
1373	0.0
137392	0.0
1374	0.0
137492	0.0
1376	0.0
137682	0.0
137814	0.0
1380	0.0
138050	0.0
1384	0.0
1385	0.0
1387	0.0
1392	0.0
139212	0.0
139285	0.0
139411	0.0
139818	0.04
139886	0.0
1399	0.0
140032	0.0
1406	0.0
140628	0.0
140679	0.0
1407	0.0
140732	0.0
140801	0.0
140803	0.0
1409	0.0
1410	0.0
1411	0.0
1412	0.0
1413	0.0
1414	0.0
1415	0.0
1417	0.0
1419	0.0
1420	0.0
1421	0.0
142680	0.0
1427	0.0
1428	0.0
1436	0.0
1438	0.0
1439	0.0
1441	0.0
144132	0.0
144165	0.0
144245	0.0
144406	0.0
144568	0.0
144811	0.0
145173	0.0
145226	0.0
145258	0.0
1453	0.0
145624	0.0
145645	0.0
1457	0.0
145873	0.0
1460	0.0
146057	0.0
146059	0.0
146167	0.0
146183	0.0
1462	0.0
146206	0.0
146227	0.0
146754	0.0
1468	0.0
146845	0.0
146862	0.0
147007	0.0
1471	0.0
147138	0.0
147183	0.0
147372	0.0
1474	0.0
147409	0.0
147495	0.0
1475	0.0
1476	0.0
1478	0.0
147872	0.0
147912	0.0
148022	0.0
1482	0.0
148398	0.0
1487	0.0
148738	0.0
148789	0.0
148867	0.0
148979	0.0
1490	0.0
1491	0.0
149233	0.0
1493	0.0077821011673151
149371	0.0
149461	0.0
1495	0.0
1496	0.0
1497	0.0
149775	0.0
1499	0.0
150	0.0
1500	0.0
150094	0.0
1501	0.0
150274	0.0
1503	0.0
150365	0.0
150468	0.0
1508	0.0
1509	0.0
151	0.0
151188	0.0
1512	0.0
151254	0.0
1513	0.0
151516	0.0
151648	0.0
152110	0.0
152137	0.0
1523	0.0
1528	0.0
152816	0.0
152926	0.0
153	0.0
153201	0.0
153241	0.0
1534	0.0
1535	0.0
153562	0.0
1536	0.0
153642	0.0
1537	0.0
1538	0.0
1540	0.0
154197	0.0
154288	0.0
1545	0.0
1548	0.0
154881	0.0
155	0.0
155368	0.0
155382	0.0
1559	0.0
1565	0.0
157570	0.0
1576	0.0
157657	0.0
157680	0.0
1577	0.0
157855	0.0
157922	0.0
158	0.0
1581	0.0
1583	0.0
158326	0.0
1584	0.0
158401	0.0
1585	0.0
1586	0.0
1588	0.0
1589	0.0
1591	0.0
1593	0.0
1594	0.0
159686	0.0
16	0.0
1600	0.0
1604	0.0
160418	0.0
1605	0.0
1610	0.0
161497	0.0
1615	0.0
161582	0.0
1617	0.0
161725	0.0
161742	0.0
162	0.0
1621	0.0
162417	0.0
162514	0.0
1629	0.0
1630	0.0
163175	0.0
163183	0.0
1634	0.0
1636	0.0
163786	0.0
1638	0.0
1639	0.0
164	0.0
164045	0.0
1641	0.0
1642	0.0
1643	0.0
1644	0.0
1646	0.0
164656	0.0
164781	0.0
1649	0.0
165	0.0
1650	0.0
1654	0.0
1656	0.0
165829	0.0
165918	0.0
1660	0.0
1663	0.0
166378	0.0
166379	0.0
166647	0.0
166785	0.0
166929	0.0
1674	0.0
1675	0.0
167691	0.0
1678	0.0
168507	0.0
168667	0.0
1687	0.0
1690	0.0
169026	0.0
169522	0.0
169792	0.0
170302	0.0
170689	0.0
170691	0.0
170692	0.0
170825	0.0
171019	0.0
171023	0.0
171546	0.0
171568	0.0
1716	0.0
1717	0.0
1718	0.0
1719	0.0
1723	0.0
1725	0.0
1727	0.0
1729	0.0
1730	0.0
1733	0.0
1736	0.0
1737	0.0
1738	0.0
1739	0.0
174	0.0
1741	0.0
1742	0.0
1743	0.0
1747	0.0
1748	0.0
1749	0.0
175	0.0
1750	0.0
1756	0.0
1757	0.0
1758	0.0
1759	0.0
176	0.0
1760	0.0
1761	0.0
1763	0.0
1767	0.0
1769	0.0
1770	0.0
1773	0.0
1776	0.0
1777	0.0
1778	0.0
178	0.0
1781	0.0
1785	0.0
1786	0.0
1788	0.0
1789	0.0
1794	0.0
1795	0.0
1798	0.0
18	0.0
1801	0.0
1802	0.0
1804	0.0
1806	0.0
1807	0.0
181	0.0
1811	0.0
1813	0.0
1814	0.0
1815	0.0
1816	0.0
182	0.0
1822	0.0
1824	0.0
1825	0.0
1828	0.0
1829	0.0
183	0.0
1830	0.0
1832	0.0
1834	0.0
1836	0.0
1837	0.0
1841	0.0
1848	0.0
185	0.0
1854	0.0
1855	0.0
1857	0.0
1859	0.0
1861	0.0
1889	0.0
189	0.0
1890	0.0
1892	0.0
1893	0.0
1896	0.0
19	0.0
190	0.0
1906	0.0
1908	0.0
1909	0.0
191	0.0
1910	0.0
1911	0.0
1917	0.0
1938	0.0
1947	0.0
1950	0.0
1954	0.0
1956	0.0
1959	0.0
196	0.0
1962	0.0
196385	0.0
196527	0.0
196528	0.0
1967	0.0
1968	0.0
1969	0.0
197	0.0
197131	0.0
197135	0.0
197257	0.0
197258	0.0
197322	0.0
1974	0.0
1981	0.0
1984	0.0
1991	0.0
199221	0.0
199223	0.0
199713	0.0
199720	0.0
199857	0.0
20	0.0
2000	0.0
200162	0.0
200205	0.0
200373	0.0
200403	0.0
200424	0.0
200576	0.0
2006	0.0
200734	0.0
200879	0.0
200894	0.0
2009	0.0
200931	0.0
200942	0.0
2010	0.0
201134	0.0
201163	0.0
201294	0.0
2013	0.0
201595	0.0
2018	0.0
2019	0.0
201973	0.0
202018	0.0
2022	0.0
2027	0.0
203	0.0
203068	0.0
203190	0.0
203228	0.0
203286	0.0
2033	0.0
2034	0.0
2035	0.0
203547	0.0
2036	0.0
2038	0.0
203859	0.0
204	0.0
204219	0.0
2048	0.0
2050	0.0
2053	0.0
205327	0.0
2055	0.0
2056	0.0
2057	0.0
205717	0.0
2058	0.0
2059	0.0
2064	0.0
2065	0.0
2066	0.0
2067	0.0
2068	0.0
207	0.0
2070	0.0
2071	0.0
2072	0.0
2073	0.0
2074	0.0
2077	0.0
2078	0.0
208	0.0
2099	0.0
21	0.0
210	0.0
2100	0.0
2103	0.0
2108	0.0
2109	0.0
2110	0.0
2113	0.0
212	0.0
2120	0.0
2121	0.0
2122	0.0
213	0.0
2130	0.0
2131	0.0
2132	0.0
2137	0.0
2138	0.0
2146	0.0
2147	0.0
215	0.0
2153	0.0
2155	0.0
2157	0.0
2158	0.0
2159	0.0
2160	0.0
2161	0.0
2162	0.0
2165	0.0
217	0.0
2175	0.0
2176	0.0
2177	0.0
2178	0.0
2182	0.0
2184	0.0
2186	0.0
2187	0.0
2188	0.0
2189	0.0
2192	0.0
219285	0.0
2193	0.0
2196	0.0
219736	0.0
219844	0.0
219854	0.0
219972	0.0
22	0.0
220	0.0
2200	0.0
220074	0.0
2201	0.0
220136	0.0
2202	0.0
220202	0.0
220296	0.0
2203	0.0
221037	0.0
221078	0.0
2212	0.0
221264	0.0
2213	0.0
221322	0.0
2214	0.0
221421	0.0
221481	0.0
221496	0.0
2215	0.0
221692	0.0
221711	0.0
2218	0.0
221895	0.0
221927	0.0
2222	0.0
2224	0.0
222546	0.0
222662	0.0
222663	0.0
223117	0.0
2232	0.0
2235	0.0
2239	0.0
224	0.0
2243	0.0
2244	0.0
2245	0.0
2248	0.0
2250	0.0
2253	0.0
2254	0.0
2255	0.0
2257	0.0
2258	0.0
2259	0.0
226	0.0
2260	0.0
2261	0.0
2263	0.0
2266	0.0
2271	0.0
2273	0.0
2274	0.0
22796	0.0
22800	0.0
22802	0.0
22806	0.0
22808	0.0
22827	0.0
22837	0.0
22845	0.0
22852	0.0
22854	0.0
22856	0.0
22858	0.0
22859	0.0
22861	0.0
22866	0.0
22868	0.0
22871	0.0
22872	0.0
22873	0.0
22880	0.0
22884	0.0
2289	0.0
22891	0.0
22897	0.0
229	0.0
2290	0.0
22900	0.0
22901	0.0
22906	0.0
22907	0.0
22909	0.0
22917	0.0
22926	0.0
22930	0.0
22931	0.0
22934	0.0
2294	0.0
22943	0.0
22947	0.0
22948	0.0
22953	0.0
22954	0.0
2296	0.0
22978	0.0
22983	0.0
2299	0.0
22995	0.0
22999	0.0
2300	0.0
23001	0.0
23005	0.0
23007	0.0
2301	0.0
23013	0.0
23019	0.0
2302	0.0
23020	0.0
23022	0.0
23025	0.0
23028	0.0
2303	0.0
23030	0.0
23031	0.0
23036	0.0
2304	0.0
23040	0.0
23043	0.0
23059	0.0
23064	0.0
23065	0.0
23067	0.0
23078	0.0
2308	0.0
23086	0.0
23090	0.0
23092	0.0
23093	0.0
23094	0.0
23095	0.0
23096	0.0
23097	0.0
23102	0.0
23111	0.0
23112	0.0
23114	0.0
23116	0.0
23118	0.0
2312	0.0
23126	0.0
23129	0.0
2313	0.0
23133	0.0
23135	0.0
23137	0.0
2314	0.0
23141	0.0
23149	0.0
23152	0.0
23154	0.0
23155	0.0
2316	0.0
23162	0.0
23165	0.0
23166	0.0
23169	0.0
2317	0.0
23171	0.0
23175	0.0
2318	0.0
23184	0.0
23187	0.0
23189	0.0
23193	0.0
23194	0.0
23203	0.0
23204	0.0
23209	0.0
2321	0.0
23213	0.0
23218	0.0
23219	0.0
2322	0.0
23221	0.0
23224	0.0
23229	0.0
23230	0.0
23233	0.0
23236	0.0
2324	0.0
23241	0.0
23247	0.0
23250	0.0
23258	0.0
23259	0.0
23261	0.0
23262	0.0
23265	0.0
23268	0.0
23279	0.0
2328	0.0
23287	0.0
23288	0.0
23291	0.0
23299	0.0
23308	0.0
23309	0.0
23310	0.0
23312	0.0
23314	0.0
23316	0.0
23317	0.0
2332	0.0
23321	0.0
23322	0.0
23325	0.0
23327	0.0
23328	0.0
23334	0.0
2334	0.0
23345	0.0
23347	0.0
2335	0.0
23363	0.0
23370	0.0
23384	0.0
23385	0.0
23387	0.0
23389	0.0
23394	0.0
23395	0.0
23396	0.0
23397	0.0
23400	0.0
23404	0.0
23405	0.0
23414	0.0
23417	0.0
23418	0.0
23424	0.0
23426	0.0
23431	0.0
23432	0.0
23435	0.0
23438	0.0
23443	0.0
23446	0.0
23451	0.0
23461	0.0
23474	0.0
23476	0.0
23479	0.0
2348	0.0
23483	0.0
23493	0.0
23495	0.0
23498	0.0
23499	0.0
23500	0.0
23503	0.0
23509	0.0
23511	0.0
23512	0.0
23514	0.0
23516	0.0
23522	0.0
23524	0.0
23529	0.0
2353	0.0
23530	0.0
23533	0.0
23534	0.0
23543	0.0
23545	0.0
2355	0.0
23554	0.0
23556	0.0
23558	0.0
23562	0.0
23568	0.0
23581	0.0
23586	0.0
23590	0.0
23592	0.0
23594	0.0
23600	0.0
23607	0.0
23630	0.0
23636	0.0
23639	0.0
23646	0.0
23676	0.0
23729	0.0
23732	0.0
23742	0.0
23746	0.0
23761	0.0
23765	0.0
23767	0.0
23769	0.0
23780	0.0
238	0.0
2395	0.0
24	0.0
240	0.0
241	0.0
24137	0.0
24140	0.0
24142	0.0
24145	0.0
24148	0.0
242	0.0
246176	0.0
246213	0.0
246243	0.0
246329	0.0
2464	0.0
2475	0.0
2483	0.0
2487	0.0
2488	0.0
249	0.0
2492	0.0
2495	0.0
25	0.0
2512	0.0
2516	0.0
2517	0.0
2521	0.0
2530	0.0
253017	0.0
2531	0.0
2533	0.0
2535	0.0
253738	0.0
2538	0.0
253827	0.0
2539	0.0
253959	0.0
254065	0.0
2542	0.0052910052910052
254394	0.0
254428	0.0
254528	0.0
2548	0.0
2549	0.0
2550	0.0
255101	0.0
2554	0.0
2555	0.0
2556	0.0
255738	0.0
255758	0.0
2558	0.0
255928	0.0
2560	0.0
2561	0.0
2562	0.0
256297	0.0
2563	0.0
256471	0.0
256472	0.0
2566	0.0
256646	0.0
256764	0.0
257	0.0
2571	0.0
25776	0.0
25778	0.0
25782	0.0
25788	0.0
25790	0.0
25792	0.0
25793	0.0
25794	0.0
258	0.0
25802	0.0
2581	0.0
25814	0.0
2582	0.0
25821	0.0
25828	0.0
2583	0.0
25836	0.0
25839	0.0
2584	0.0
25861	0.0
25871	0.0
2588	0.0
25885	0.0
25886	0.0
25894	0.0
2590	0.0
2591	0.0
25911	0.0
25913	0.0
25914	0.0
25915	0.0
2592	0.0
25923	0.0
259232	0.0
259236	0.0
259266	0.0
25929	0.0
2593	0.0
25930	0.0
25939	0.0
25942	0.0
25953	0.0
25959	0.0
25970	0.0
25973	0.0
25974	0.0
25977	0.0
25978	0.0
25981	0.0
26005	0.0
26007	0.0
26011	0.0
26012	0.0
26022	0.0
26038	0.0
26040	0.0
26047	0.0
26053	0.0
26057	0.0
26058	0.0
26060	0.0
26074	0.0
26090	0.0
26092	0.0
26100	0.0
26115	0.0
26119	0.0
26121	0.0
26123	0.0
26128	0.0
26130	0.0
26137	0.0
26146	0.0
2615	0.0
26153	0.0
26154	0.0
26160	0.0
2617	0.0
26173	0.0
261734	0.0
26175	0.0
2619	0.0
26191	0.0
2620	0.0
2622	0.0
26224	0.0
26227	0.0
26229	0.0
2623	0.0
26235	0.0
2624	0.0
26249	0.0
2625	0.0
26258	0.0
2626	0.0
2627	0.0
26275	0.0
26276	0.0
26277	0.0
26278	0.0
2628	0.0
26281	0.0
26284	0.0
2629	0.0
2632	0.0
26353	0.0
2639	0.0
2642	0.0
2643	0.0
2645	0.0
265	0.0
26503	0.0
26504	0.0
26509	0.0
2651	0.0
26511	0.0
2652	0.0
26523	0.0
26525	0.0
2653	0.0
2657	0.0
26576	0.0
2658	0.0
26580	0.0
26585	0.0
2660	0.0
26608	0.0
2661	0.0
26610	0.0
2664	0.0
2668	0.0
267	0.0
2670	0.0
267010	0.0
267012	0.0
2671	0.0
2672	0.0
2673	0.0
2674	0.0
2677	0.0
2678	0.0
268	0.0
2683	0.0
26834	0.0
26873	0.0
2688	0.0
269	0.0
2690	0.0
2692	0.0
2693	0.0
2694	0.0
26960	0.0
2697	0.0
26999	0.0
270	0.0
2700	0.0
27010	0.0
27019	0.0
2702	0.0
27022	0.0
2703	0.0
27030	0.0
27031	0.0
27032	0.0
27034	0.0
27040	0.0
2705	0.0
2706	0.0
27063	0.0
27068	0.0
2707	0.0
27072	0.0
27077	0.0
27086	0.0
27089	0.0
271	0.0
2710	0.0
27102	0.0
27107	0.0
27125	0.0
27130	0.0
27133	0.0
27145	0.0
27148	0.0
27151	0.0
27152	0.0
27161	0.0
2717	0.0
27178	0.1111111111111111
27183	0.0
27184	0.0
2719	0.0
27199	0.0
272	0.0
2720	0.0
27229	0.0
27232	0.0
27235	0.0
27238	0.0
27241	0.0
27245	0.0
27247	0.0
27249	0.0
27286	0.0
2729	0.0
2731	0.0
27315	0.0
27316	0.0
27327	0.0
27329	0.0
2733	0.0
27341	0.0
27343	0.0
27349	0.0
2735	0.0
2736	0.0
2737	0.0
274	0.0
2741	0.0
2742	0.0
27429	0.0
2743	0.0
2744	0.0
27445	0.0
2746	0.0
275	0.0
2752	0.0
2760	0.0
2767	0.0
2770	0.0
2771	0.0
2773	0.0
2774	0.0
2775	0.0
2776	0.0
2778	0.0
2779	0.0
2780	0.0
2782	0.0
2783	0.0
2784	0.0
2796	0.0
2798	0.0
2799	0.0
2801	0.0
2806	0.0
2811	0.0
2812	0.0
2815	0.0
2819	0.0
2820	0.0
2821	0.0
28234	0.0
282809	0.0
282996	0.0
283	0.0
283120	0.0
283209	0.0
283310	0.0
283375	0.0
283417	0.0
283446	0.0
283450	0.0
283459	0.0
283489	0.0
283652	0.0
283677	0.0
283847	0.0
283987	0.0
283989	0.0
284	0.0
284058	0.0
284086	0.0
284098	0.0
284111	0.0
284119	0.0
284161	0.0
284184	0.0
284217	0.0
284252	0.0
284361	0.0
284382	0.0
284403	0.0
284439	0.0
284654	0.0
284656	0.0
285	0.0
285025	0.0
28514	0.0
285175	0.0
285203	0.0
285282	0.0
285362	0.0
285440	0.0
285489	0.0
285498	0.0
285590	0.0
285600	0.0
285848	0.0
2859	0.0181818181818181
286	0.0
286053	0.0
286077	0.0
286151	0.0
286204	0.0
286262	0.0
286410	0.0
286464	0.0
286676	0.0
286887	0.0
287	0.0
28755	0.0
2876	0.0
2879	0.0
288	0.0
2887	0.0
2890	0.0
2891	0.0
2892	0.0
2893	0.0
2895	0.0
28952	0.0
28956	0.0
28957	0.0
28958	0.0
2896	0.0
28960	0.0
28962	0.0
28976	0.0
2898	0.0
28981	0.0
28982	0.0
28985	0.0
2902	0.0
2903	0.0
2904	0.0
2906	0.0
29071	0.0
29072	0.0
29078	0.0
2908	0.0
29081	0.0
29089	0.0
29098	0.0
291	0.0
2911	0.0
29110	0.0
29119	0.0
29123	0.0
29127	0.0
29128	0.0
2916	0.0
2917	0.0
2934	0.0
2936	0.0
2937	0.0
2947	0.0
2954	0.0
2956	0.0
2961	0.0
2969	0.0
2972	0.0
29760	0.0
29775	0.0416666666666666
2978	0.0
2979	0.0
2982	0.0
2984	0.0769230769230769
29851	0.0
29880	0.0
29887	0.0
29893	0.0
29894	0.0
29895	0.0
29899	0.0
2990	0.0
29914	0.0
2992	0.0
29920	0.0
29925	0.0
29926	0.0
29927	0.0
29928	0.0
29929	0.0
29940	0.0
2995	0.0
29954	0.0
29957	0.0
29958	0.0
29960	0.0
29967	0.0
29968	0.0
29969	0.0
2997	0.0
29978	0.0
2998	0.0
29980	0.0
29995	0.0
29998	0.0
3000	0.0
30000	0.0
30008	0.0
30009	0.0
30011	0.0
30061	0.0
30062	0.0
3008	0.0
3020	0.0
3021	0.0
3026	0.0
3028	0.0
3029	0.0
3030	0.0
3032	0.0
3033	0.0
3034	0.0
3035	0.0
3039	0.0
3040	0.0
3043	0.0
3045	0.0
3047	0.0
3048	0.0
3052	0.0
3053	0.0
3054	0.0
3055	0.0
3060	0.0
3064	0.0
3067	0.0
3070	0.0
3071	0.0
3073	0.0
3074	0.0
3075	0.0
3077	0.0
3078	0.0
308	0.0
3081	0.0
30813	0.0
30817	0.0
3082	0.0
3090	0.0
3094	0.0
3097	0.0
3098	0.0
31	0.0
3105	0.0
3106	0.0
3107	0.0
311	0.0
3110	0.0
3113	0.0
3115	0.0
3117	0.0
3119	0.0
3122	0.0
3123	0.0
3135	0.0
3141	0.0
3145	0.0
3149	0.0
3155	0.0
3156	0.0
3158	0.0
3159	0.0
3161	0.0
3162	0.0
3166	0.0
3170	0.0
3172	0.0
3176	0.0
317662	0.0
317719	0.0
317761	0.0
3178	0.0
318	0.0
3181	0.0
3183	0.0
3187	0.0
3188	0.0
3190	0.0
3192	0.0
3198	0.0
3199	0.0
3207	0.0
3208	0.0
3209	0.0
3211	0.0
3229	0.0
3236	0.0
3239	0.0
324	0.0
3242	0.0
3248	0.0
3251	0.0
3257	0.0
326	0.0
3265	0.0
326625	0.0
3273	0.0
3284	0.0
3290	0.0
3291	0.0
3293	0.0
3295	0.0
3299	0.0
330	0.0
3300	0.0
331	0.0129870129870129
3313	0.0
3315	0.0
3321	0.0
3329	0.0
3339	0.0
3340	0.0
335	0.0
3350	0.0
3356	0.0
336	0.0
3371	0.0
3373	0.0
3376	0.0
337867	0.0
338	0.0
338328	0.0
338433	0.0
338567	0.0
338657	0.0
338917	0.0
3394	0.0
339453	0.0
339829	0.0
339855	0.0
339983	0.0
34	0.0
3400	0.0
340024	0.0
340061	0.0
340075	0.0
340419	0.0
340533	0.0
340665	0.0
340719	0.0
340990	0.0
341208	0.0
341640	0.0
3417	0.0
3418	0.0
3419	0.0
3420	0.0
342035	0.0
342184	0.0
3423	0.0
3425	0.0
3426	0.0
342618	0.0
343035	0.0
3431	0.0
343171	0.0
343450	0.0
343637	0.0
343641	0.0
344	0.0
344018	0.0
344167	0.0
344658	0.0
345	0.0
345193	0.0
3454	0.0
3455	0.0
345611	0.0
345643	0.0
3458	0.0
345895	0.0
3459	0.0
3460	0.0
346007	0.0
346171	0.0
3475	0.0
3476	0.0
347688	0.0
347733	0.0
347734	0.0
3479	0.0
348	0.0
3480	0.0
3481	0.0
348180	0.0
3482	0.0
3483	0.0
348932	0.0
348938	0.0
348980	0.0
3490	0.0
3492	0.0
35	0.0
3500	0.0
3501	0.0
3507	0.0
3508	0.0
351	0.0
3514	0.0
3516	0.0
352909	0.0
353	0.0
353116	0.0
353238	0.0
3543	0.0
3547	0.0
3549	0.0
355	0.0
3551	0.0
3553	0.0
3554	0.0
3557	0.0
3559	0.0
356	0.0
3560	0.0
3561	0.0
3569	0.037037037037037
3570	0.0
3572	0.0
3574	0.0
3575	0.0
3579	0.0
3586	0.0
3587	0.1
3588	0.0
359	0.0
3590	0.0
3592	0.0
3593	0.0
3594	0.0
3596	0.0
359948	0.0
36	0.0
3604	0.0
361	0.0
3612	0.0
3614	0.0
3615	0.0
3617	0.0
362	0.0
3621	0.0
3630	0.0
3636	0.0
3640	0.0
3643	0.0
3651	0.0
3653	0.0
3654	0.0
3655	0.0
3658	0.0
3659	0.0
3661	0.0
3662	0.0
3663	0.0
3664	0.0
3665	0.0
3667	0.0
367	0.0
3670	0.0
3673	0.0
3674	0.0
3675	0.0
3679	0.0
368	0.0
3684	0.0
3689	0.0
3690	0.0
3691	0.0
3694	0.0
37	0.0
3702	0.0
3703	0.0
3704	0.0
3708	0.0
3709	0.0
3710	0.0
3712	0.0
3714	0.0
3716	0.0
3717	0.0
3718	0.0
372	0.0
3720	0.0
3728	0.0
3730	0.0
3735	0.0
3736	0.0
3737	0.0
3739	0.0
3741	0.0
374291	0.0
374354	0.0
374393	0.0
374407	0.0
374462	0.0
3745	0.0
3746	0.0
374654	0.0
3747	0.0
3748	0.0
374879	0.0
374969	0.0
375	0.0
375056	0.0
3752	0.0
375298	0.0
3753	0.0
375307	0.0
375387	0.0
3756	0.0
375611	0.0
3757	0.0
375748	0.0
375790	0.0
3758	0.0
3759	0.0
3760	0.0
3762	0.0
3763	0.0
3764	0.0
3766	0.0
3767	0.0
3769	0.0
3773	0.0
3777	0.0
3778	0.0
3781	0.0
3782	0.0
3783	0.0
3784	0.0
3785	0.0
3786	0.0
378884	0.0
3791	0.0
3795	0.0
3796	0.0
3798	0.0
3799	0.0
38	0.0
3800	0.0
3814	0.0
3815	0.0
3818	0.0
3827	0.0
383	0.0
3832	0.0
3835	0.0
3839	0.0
3845	0.0
3848	0.0
3849	0.0
3850	0.0
3851	0.0
3852	0.0
3853	0.0
3854	0.0
3857	0.0
3858	0.0
3859	0.0
3860	0.0
3861	0.0
3868	0.0
387	0.0
387119	0.0
3872	0.0
3875	0.0
387700	0.0
387733	0.0
387787	0.0
388015	0.0
388389	0.0
388403	0.0
388531	0.0
388551	0.0
388552	0.0
388662	0.0
388698	0.0
3887	0.0
388753	0.0
3889	0.0
388939	0.0
388962	0.0
3891	0.0
3892	0.0
389207	0.0
389421	0.0
389434	0.0
389549	0.0
389692	0.0
3897	0.0
389827	0.0
389856	0.0
3899	0.0
39	0.0
390594	0.0
390595	0.0
3908	0.0
3909	0.0
3910	0.0
3911	0.0
3912	0.0
3913	0.0
391356	0.0
3914	0.0
3918	0.0
3920	0.0
3921	0.0
392255	0.0
3930	0.0
3931	0.0
3932	0.0
3937	0.0
3938	0.0
3939	0.0
3945	0.0
3949	0.0
3952	0.0
3953	0.0
3954	0.0
3955	0.0
396	0.0
3972	0.0
3973	0.0
3975	0.0
3977	0.0
3978	0.0
3980	0.0
3981	0.0
3982	0.0
3984	0.0
3988	0.0
399	0.0
3990	0.0
3991	0.0
3998	0.0
4000	0.0
4001	0.0
4004	0.0
400569	0.0
4007	0.0
4009	0.0
400916	0.0
401	0.0
4010	0.0
401024	0.0
401124	0.0
401138	0.0
4014	0.0
401474	0.0
4015	0.0
4016	0.0
402	0.0
4023	0.0
402381	0.0
402569	0.0
4026	0.0
403	0.0
4035	0.0
4036	0.0
4038	0.0
4040	0.0
4041	0.0
4043	0.0
404672	0.0
4047	0.0
4052	0.0
4053	0.0
4054	0.0
4056	0.0
405753	0.0
4067	0.0
4068	0.0
4069	0.0
406932	0.0
406960	0.0
406987	0.0
407	0.0
4070	0.0
407053	0.0
4072	0.0
4076	0.0
407975	0.0
4081	0.0
4087	0.0
4088	0.0
4089	0.0
4091	0.0
4092	0.0
4093	0.0
4094	0.0
4099	0.0
410	0.0
411	0.0
4117	0.0
412	0.0
4123	0.0
4125	0.0
4126	0.0
4128	0.0
4131	0.0
4137	0.0
4140	0.0
4141	0.0
4143	0.0
4144	0.0
4148	0.0
4149	0.0
415	0.0
4151	0.0
4153	0.0
4157	0.0
4158	0.0
4160	0.0
4163	0.0
4166	0.0
4171	0.0
4173	0.0
4174	0.0
4175	0.0
4176	0.0
4179	0.0
4190	0.0
4191	0.0
4193	0.0
4194	0.0
4204	0.0
4205	0.0
4208	0.0
421	0.0
4210	0.0040983606557377
4212	0.0
4214	0.0
4221	0.0
4222	0.0
4233	0.0
4247	0.0
4254	0.0
4255	0.0
4256	0.0
4261	0.0
427	0.0
4281	0.0
4282	0.0
4284	0.0
4285	0.0
4286	0.0
4287	0.0
429	0.0
4292	0.0
4297	0.0
4306	0.0
4308	0.0
4311	0.0
4312	0.0
4313	0.0
431705	0.0
4318	0.0
4322	0.0
4323	0.0
4327	0.0
4329	0.0
4330	0.0
4337	0.0
4338	0.0
4340	0.0
4342	0.0
435	0.0
4351	0.0
4352	0.0
4353	0.0
4358	0.0
4359	0.0
4361	0.0
4363	0.0
439	0.0
440	0.0
440138	0.0
440193	0.0
440275	0.0
440435	0.0
442721	0.0
442862	0.0
443	0.0
4436	0.0
4437	0.0
4438	0.0
4439	0.0
444	0.0
445	0.0
4478	0.0
4481	0.0
4485	0.0181818181818181
4486	0.0
4487	0.0
4488	0.0
4507	0.0
4508	0.0
4509	0.0
4511	0.0
4512	0.0
4513	0.0
4514	0.0
4519	0.0
4522	0.0
4524	0.0
4534	0.0
4535	0.0
4536	0.0
4537	0.0
4538	0.0
4539	0.0
4540	0.0
4541	0.0
4544	0.0
4547	0.0
4548	0.0
4549	0.0
4552	0.0
4556	0.0
4558	0.0
4564	0.0
4565	0.0
4566	0.0
4567	0.0
4568	0.0
4570	0.0
4571	0.0
4572	0.0
4574	0.0
4575	0.0
4576	0.0
4577	0.0
4578	0.0
4582	0.0
4589	0.0
4591	0.0
4593	0.0
4594	0.0
4595	0.0
4597	0.0
4598	0.0
4601	0.0
4604	0.0
4607	0.0
4609	0.0
4613	0.0
4615	0.0
4617	0.0
4618	0.0
462	0.0
4620	0.0
4621	0.0
4624	0.0
4625	0.0
4626	0.0
4627	0.0
4629	0.0
463	0.0
4632	0.0
4633	0.0
4634	0.0
4635	0.0
4638	0.0
4640	0.0
4643	0.0
4644	0.0
4645	0.0
4646	0.0
4647	0.0
4649	0.0
4653	0.0
4654	0.0
4659	0.0
4665	0.0
4668	0.0
4669	0.0
4677	0.0
4680	0.0
4683	0.0
4688	0.0
4689	0.0
4692	0.0
4693	0.0
4694	0.0
4695	0.0
4697	0.0
4700	0.0
4702	0.0
4703	0.0
4704	0.0
4705	0.0
4709	0.0
471	0.0
4713	0.0
4714	0.0
4715	0.0
4716	0.0
4718	0.0
4719	0.0
472	0.0
4720	0.0
4722	0.0
4723	0.0
4724	0.0
4726	0.0
4728	0.0
4729	0.0
473	0.0
4733	0.0
474	0.0
4744	0.0
4747	0.0
4750	0.0
4751	0.0
4758	0.0
476	0.0
4760	0.0
4761	0.0
4762	0.0
4763	0.0
477	0.0
4771	0.0
4773	0.0
4774	0.0
478	0.0
4780	0.0
4781	0.0
4784	0.0
4790	0.0
4791	0.0
4792	0.0
4795	0.0
4796	0.0
4803	0.0
4808	0.0
481	0.0
4810	0.0
4835	0.0
4838	0.0
4841	0.0
4842	0.0
4846	0.0
4848	0.0
4849	0.0
4851	0.0
4853	0.0
4854	0.0
4858	0.0
486	0.0
4860	0.0
4863	0.0
4864	0.0
4867	0.0
4868	0.0
4869	0.0
487	0.0
4878	0.0
488	0.0
4880	0.0
4882	0.0
4883	0.0
4884	0.0
4891	0.0
4893	0.0
4897	0.0
49	0.0
490	0.0
4901	0.0
4902	0.0
4905	0.0
4907	0.0
4909	0.0
491	0.0
4913	0.0
4914	0.0
4915	0.0
4919	0.0
492	0.0
4920	0.0
4921	0.0
4926	0.0
4927	0.0
4929	0.0
4935	0.0
493753	0.0
4938	0.0
493856	0.0
4942	0.0
494513	0.0
494551	0.0
4948	0.0
4952	0.0
4953	0.0
4967	0.0
4968	0.0
4976	0.0
497661	0.0
4978	0.0
498	0.0
4982	0.0
4983	0.0
49855	0.0
4990	0.0
4998	0.0
50	0.0
5000	0.0
5002	0.0
5009	0.0
501	0.0
5010	0.0
5015	0.0
5019	0.0
5032	0.0
5033	0.0
5034	0.0
5048	0.0
50484	0.0
50485	0.0
50506	0.0
50511	0.0
50515	0.0
5052	0.0
5053	0.0
5054	0.0
5058	0.0
506	0.0
50615	0.0
50617	0.0
50619	0.0
5062	0.0
50628	0.0
5063	0.0
50640	0.0
50651	0.0
50674	0.0
5071	0.0
50717	0.0
5073	0.0
5075	0.0
5076	0.0
5077	0.0
5078	0.0
5080	0.0
50801	0.0
5081	0.0
50814	0.0
5083	0.0
50833	0.0
50846	0.0
5087	0.0
5091	0.0
5092	0.0
50937	0.0
50939	0.0
50940	0.0
50943	0.0
50945	0.0
5095	0.0
5096	0.0
50964	0.0
51	0.0
51002	0.0
51004	0.0
51008	0.0
51010	0.0
51013	0.0
51021	0.0
51025	0.0
5105	0.0
51053	0.0
51057	0.0
5106	0.0
51062	0.0
51067	0.0
51075	0.0
51079	0.0
51081	0.0
51082	0.0
51083	0.0
51085	0.0
51086	0.0
51091	0.0
51094	0.0
51095	0.0
51098	0.0
51099	0.0
51102	0.0
51103	0.0
51109	0.0
5111	0.0
51111	0.0
51112	0.0
51114	0.0
51116	0.0
51117	0.0
51119	0.0
51124	0.0
51126	0.0
51128	0.0
51132	0.0
51134	0.0
51135	0.0
51142	0.0
51151	0.0
5116	0.0
51163	0.0
51164	0.0
51168	0.0
51181	0.0
51185	0.0
5119	0.0
51196	0.0
51199	0.0
51204	0.0
51206	0.0
51218	0.0
5122	0.0
51227	0.0
51241	0.0
51244	0.0
51251	0.0
51256	0.0
51259	0.0
51271	0.0
51284	0.0
51293	0.0
51294	0.0
513	0.0
5130	0.0
51300	0.0
51305	0.0
51308	0.0
51311	0.0
51314	0.0
51317	0.0
51319	0.0
51322	0.0
51324	0.0
5133	0.0
51339	0.0
51341	0.0
51343	0.0
51360	0.0
51362	0.0
51364	0.0
5137	0.0
51371	0.0
5138	0.0
5139	0.0
51399	0.0
514	0.0
51412	0.0
51422	0.0
51428	0.0
51434	0.0
5144	0.0
5145	0.0
5146	0.0
5147	0.0
51473	0.0
51475	0.0
51479	0.0
5148	0.0
5149	0.0
51501	0.0
51506	0.0
51520	0.0
51524	0.0
5155	0.0
5156	0.0
51567	0.0
51569	0.0
5157	0.0
51574	0.0
5158	0.0
5159	0.0
51592	0.0
51594	0.0
5160	0.0
51601	0.0
51604	0.0
51608	0.0
5161	0.0
51611	0.0
5162	0.0
51621	0.0
51626	0.0
51633	0.0
51645	0.0
51649	0.0
5165	0.0
51651	0.0
51659	0.0
51660	0.0
51663	0.0
5167	0.0
51684	0.0
51692	0.0
51693	0.0
51702	0.0
51703	0.0
51704	0.0
51715	0.0
5172	0.0
51726	0.0
51728	0.0
51729	0.0
5173	0.0
51733	0.0
51738	0.0
51741	0.0
51744	0.0
51750	0.0
51752	0.0
5176	0.0
51761	0.0
51763	0.0
51776	0.0
51778	0.0
51780	0.0
518	0.0
51807	0.0
51816	0.0
5184	0.0
5188	0.0
5189	0.0
5190	0.0
5191	0.0
5192	0.0
5193	0.0
5194	0.0
5195	0.0
5199	0.0
5205	0.0
5213	0.0
5216	0.0
5224	0.0
523	0.0
5230	0.0
5236	0.0
5238	0.0
5241	0.0
5243	0.0
5244	0.0
5245	0.0
525	0.0
5250	0.0
5251	0.0
5255	0.0
5256	0.0
5257	0.0
526	0.0
5260	0.0
5261	0.0
5264	0.0
5265	0.0
5269	0.0
527	0.0
5271	0.0
5274	0.0
5277	0.0
5279	0.0
5281	0.0
5283	0.0
5286	0.0
529	0.0
5290	0.0
5293	0.0
5294	0.0
5295	0.0
5296	0.0
5297	0.0060240963855421
5298	0.0
5307	0.0
5308	0.0
5309	0.0
5310	0.0
5311	0.0
5313	0.0
5314	0.0
5317	0.0
5318	0.0
5320	0.0
5321	0.0
5322	0.0
5324	0.0
5325	0.0
5328	0.0
5331	0.0
5332	0.0
5333	0.0
53335	0.0
5335	0.0
5336	0.0294117647058823
5337	0.0
53371	0.0
5339	0.0
5340	0.0
53405	0.0
5345	0.0
5346	0.0
535	0.0
5350	0.0
5351	0.0
5352	0.0
5354	0.0
5357	0.0
5358	0.0
5361	0.0
53616	0.0
53630	0.0
537	0.0
5371	0.0
5373	0.0
5375	0.0
5376	0.0
5378	0.0
538	0.0
53834	0.0
539	0.0
53904	0.0
5393	0.0
5395	0.0
5396	0.0
54	0.0
540	0.0
54014	0.0
5406	0.0
54084	0.0
54101	0.0
54112	0.0
54148	0.0
54187	0.0
5420	0.0
54205	0.0
54209	0.0
5422	0.0
5424	0.0
5426	0.0
5428	0.0
5429	0.0
5430	0.0
54332	0.0
54344	0.0
54345	0.0
54361	0.0
54386	0.0
54413	0.0
5442	0.0
5443	0.0
5444	0.0
54440	0.0
54443	0.0
5445	0.0
54453	0.0
54456	0.0
5446	0.0
54463	0.0
5447	0.0
54471	0.0
54476	0.0
54487	0.0
5449	0.0
54496	0.0
54499	0.0
545	0.0
5450	0.0
54507	0.0
54517	0.0
54532	0.0
54538	0.0
54539	0.0
54543	0.0
5455	0.0
54551	0.0
5456	0.0
54567	0.0
5457	0.0
54583	0.0
54585	0.0
5459	0.0
546	0.0
54658	0.0
54664	0.0
54675	0.0
54676	0.0
5468	0.0
54681	0.0
547	0.0
54704	0.0
54714	0.0
54716	0.0
54756	0.0
54757	0.0
5476	0.0
54765	0.0
54766	0.0
54768	0.0
5479	0.0
54790	0.0
54795	0.0
54796	0.0
54800	0.0
54802	0.0
54805	0.0
54806	0.0
54808	0.0
54809	0.0
54820	0.0
54822	0.0
54828	0.0
54829	0.0
54832	0.0
54834	0.0
54840	0.0
54845	0.0
54848	0.0
54862	0.0
54870	0.0
54872	0.0
54880	0.0
54885	0.0
54888	0.0
54892	0.0
54894	0.0
54897	0.0
54899	0.0
549	0.0
54902	0.0
54903	0.0
54914	0.0
54916	0.0
54919	0.0
54928	0.0
54931	0.0
54936	0.0
54938	0.0
54941	0.0
54949	0.0
5495	0.0
54967	0.0
54968	0.0
54970	0.0
54973	0.0
54974	0.0
54977	0.0
5498	0.0
54982	0.0
5500	0.0
55005	0.0
55012	0.0
55023	0.0
55024	0.0
55027	0.0
55033	0.0
55034	0.0
55036	0.0
55037	0.0
5506	0.0
55065	0.0
55072	0.0
55074	0.0
55081	0.0
55084	0.0
551	0.0
55107	0.0
55109	0.0
55112	0.0
55120	0.0
55129	0.0
55130	0.0
55131	0.0
55135	0.0
55145	0.0
55148	0.0
55149	0.0
5515	0.0
55151	0.0
55152	0.0
55154	0.0
55157	0.0
55159	0.0
55163	0.0
55164	0.0
55165	0.0
55172	0.0
5518	0.0
55180	0.0
55181	0.0
55182	0.0
55186	0.0
55187	0.0
5519	0.0
55191	0.0
55193	0.0
55209	0.0
5521	0.0
55210	0.0
55212	0.0
55213	0.0
55214	0.0
55215	0.0
55217	0.0
55229	0.0
5524	0.0
55240	0.0
55243	0.0
55249	0.0
55250	0.0
55252	0.0
55262	0.0
55275	0.0
55278	0.0
5528	0.0
55280	0.0
55294	0.0
55297	0.0
5530	0.0
55315	0.0
55325	0.0
55329	0.0
55331	0.0
55340	0.0
55343	0.0
55361	0.0
55366	0.0
55367	0.0
5538	0.0
55384	0.0
55388	0.0
554	0.0
5546	0.0
55503	0.0
55505	0.0
5551	0.0
55521	0.0
55526	0.0
55532	0.0
55553	0.0
5557	0.0
55572	0.0
55593	0.0
55596	0.0
55599	0.0
55603	0.0
55605	0.0
55610	0.0
55612	0.0
55617	0.0
55621	0.0
55623	0.0
55624	0.0
55627	0.0
55628	0.0
55630	0.0
55636	0.0
55640	0.0
55644	0.0
55650	0.0
55651	0.0
55654	0.0
55655	0.0
55656	0.0
5566	0.0
5567	0.0
55670	0.0
55679	0.0
5568	0.0
55681	0.0
55687	0.0
55689	0.0
55690	0.0
55691	0.0
55697	0.0
55699	0.0
55703	0.0
55704	0.0
55714	0.0
55717	0.0
55719	0.0
5573	0.0
55733	0.0
55737	0.0
55739	0.0
55746	0.0
5575	0.0
55750	0.0
55755	0.0
55764	0.0
55765	0.5
55768	0.0
55770	0.0
55773	0.0
55775	0.0
55777	0.0
55779	0.0
55780	0.0
55784	0.0
55788	0.0
55790	0.0
55791	0.0
558	0.0
5580	0.0
55800	0.0
55806	0.0
55811	0.0
55812	0.0
55814	0.0
5582	0.0
55823	0.0
5583	0.0
55830	0.0
55835	0.0
55851	0.0
55857	0.0
55858	0.0
55863	0.0
55869	0.0
5587	0.0
55870	0.0
5589	0.0
55898	0.0
5590	0.0
55901	0.0
55904	0.0
55906	0.0
5591	0.0
5592	0.0
5593	0.0
5594	0.0
55958	0.0
55967	0.0
55969	0.0
55975	0.0
55997	0.0
56006	0.0
5602	0.0
5604	0.0
5605	0.0
56052	0.0
56098	0.0
5610	0.0
5611	0.0
56154	0.0
56155	0.0
56159	0.0
56160	0.0
56171	0.0
56172	0.0
5618	0.0
56203	0.0
5621	0.0
5624	0.0
56244	0.0
56246	0.0
5625	0.0
56259	0.0
5626	0.0
56262	0.0
5627	0.0
56270	0.0
5629	0.0
5630	0.0
5631	0.0
5644	0.0
5645	0.0
56479	0.0
5648	0.0
5649	0.0
5651	0.0
56521	0.0
5654	0.0
5657	0.0
5660	0.0
56603	0.0
56606	0.0
56616	0.0
56623	0.0
5663	0.0
5664	0.0
56652	0.0
56683	0.0
567	0.0
56704	0.0
56729	0.0
56776	0.0
5689	0.0
56896	0.0
56910	0.0
56915	0.0
56916	0.0
5692	0.0
56922	0.0
56937	0.0
56945	0.0
56947	0.0
5696	0.0
56975	0.0
56978	0.0
5698	0.0
56980	0.0
56983	0.0
56984	0.0
5699	0.0
56992	0.0
56997	0.0
570	0.0
5700	0.0
57003	0.0
57007	0.0
57010	0.0
57017	0.0
5702	0.0
57020	0.0
57038	0.0
57054	0.0
57055	0.0
57057	0.0
57061	0.0
57082	0.0
57094	0.0
57096	0.0
57102	0.0
57104	0.0
57105	0.0
57107	0.0
57122	0.0
57128	0.0
57135	0.0
57152	0.0
57156	0.0
57158	0.0
57165	0.0
57167	0.0
57169	0.0
57176	0.0
57178	0.0
5718	0.0
57187	0.0
57190	0.0
57192	0.0
57194	0.0
57211	0.0
57216	0.0
57217	0.0
57222	0.0
5723	0.0
57231	0.0
5727	0.0
5728	0.0
57282	0.0
5732	0.0
57338	0.0
57379	0.0
57393	0.0
5740	0.0
5741	0.0
57410	0.0
5744	0.0
57449	0.0
5745	0.0
57459	0.0
57462	0.0
57465	0.0
57466	0.0
57468	0.0
57477	0.0
57479	0.0
57492	0.0
57498	0.0
57502	0.0
57505	0.0
57511	0.0
57514	0.0
57520	0.0
57522	0.0
57526	0.0
57531	0.0
57534	0.0
57538	0.0
57539	0.0
57545	0.0
57551	0.0
57560	0.0
57562	0.0
57570	0.0
57572	0.0
57582	0.0
57589	0.0
57591	0.0
57592	0.0
57599	0.0
57609	0.0
57619	0.0
57623	0.0
57639	0.0
57647	0.0
57654	0.0
57670	0.0
57674	0.0
57679	0.0
57680	0.0
57688	0.0
57697	0.0
5770	0.0
57704	0.0
57709	0.0
5771	0.0
57716	0.0
57724	0.0
57728	0.0
57731	0.0
5774	0.0
5777	0.0
57798	0.0
5781	0.0
57817	0.0
5782	0.0
57822	0.0
5784	0.0
57863	0.0
5788	0.0
579	0.0
5792	0.0
5795	0.0
58	0.0
580	0.0
5800	0.0
5805	0.0
581	0.0
5813	0.0
5818	0.0
582	0.0
5824	0.0
5825	0.0
5826	0.0
5828	0.0
583	0.0
5830	0.0
5831	0.0
5832	0.0
5833	0.0
5836	0.0
5837	0.0
58472	0.0
58484	0.0
58494	0.0
58495	0.0
58497	0.0
58499	0.0
585	0.0
58508	0.0
58513	0.0
58528	0.0
5859	0.0
5860	0.0
587	0.0
5873	0.0
5879	0.0
5880	0.0
5881	0.0
5885	0.0
5888	0.0
5889	0.0
5892	0.0
5894	0.0
5896	0.0
5897	0.0
5898	0.0
59	0.0
590	0.0
5903	0.0
59067	0.0714285714285714
5908	0.0
5910	0.0
5913	0.0
5914	0.0
5915	0.0
5917	0.0
5921	0.0
5922	0.0
5925	0.0
5927	0.0
593	0.0
5932	0.0
59335	0.0
59336	0.0
5934	0.0
59341	0.0
59344	0.0
59345	0.0
594	0.0
5940	0.0
5949	0.0
595	0.0
5950	0.0
5956	0.0
5959	0.0
596	0.0
5961	0.0
5962	0.0
5965	0.0
5966	0.0
5970	0.0
5971	0.0
5972	0.0
5977	0.0
5978	0.0
5979	0.0
5980	0.0
5981	0.0
5982	0.0
5993	0.0
5994	0.0
5995	0.0
60	0.0
6005	0.0
6006	0.0
6007	0.0
6010	0.0
6011	0.0
6016	0.0
6017	0.0
6023	0.0
60386	0.0
604	0.0
60401	0.0
6041	0.0
6045	0.0
60468	0.1052631578947368
60481	0.0
60482	0.0
6049	0.0
60495	0.0
6050	0.0
60506	0.0
60509	0.0
60528	0.0
60529	0.0
60558	0.0
60561	0.0
60675	0.0
60676	0.0
60681	0.0
60684	0.0
6091	0.0
6092	0.0
6094	0.0
6095	0.0
6096	0.0
6097	0.0
6098	0.0
610	0.0
6100	0.0
6101	0.0
6102	0.0
6103	0.0
611	0.0
6117	0.0
6121	0.0
6123	0.0
6125	0.0
613	0.0
6132	0.0
6133	0.0
6134	0.0
6135	0.0
6137	0.0
6138	0.0
6141	0.0
6144	0.0
6154	0.0
6155	0.0
6160	0.0
6165	0.0
617	0.0
6182	0.0
6197	0.0
6201	0.0
6204	0.0
6208	0.0
6210	0.0
6218	0.0
6223	0.0
6224	0.0
6228	0.0
6229	0.0
6231	0.0
6232	0.0
6234	0.0
6235	0.0
6237	0.0
6239	0.0
6240	0.0
6247	0.0
6253	0.0
6261	0.0
6262	0.0
6263	0.0
627	0.0
6288	0.0
629	0.0
6295	0.0
6297	0.0
6299	0.0
6301	0.0
6303	0.0
63035	0.0
63036	0.0
6304	0.0
6305	0.0
6307	0.0
6309	0.0
631	0.0
6310	0.0
6311	0.0
6314	0.0
6315	0.0
6323	0.0
6324	0.0
6326	0.0
6327	0.0
6328	0.0
6329	0.0
633	0.0
6330	0.0
6331	0.0
6334	0.0
6335	0.0
6336	0.0
6337	0.0
6338	0.0
6340	0.0
6341	0.0
6342	0.0
6356	0.0
6389	0.0
63894	0.0
63895	0.0
63899	0.0
6390	0.0
63901	0.0
63908	0.0
6391	0.0
63910	0.0
63915	0.0
63916	0.0
6392	0.0
63924	0.0
63925	0.0
63929	0.0
63931	0.0
63932	0.0
63976	0.0
63982	0.0
6399	0.0
640	0.0
64065	0.0
64072	0.0
64087	0.0
64093	0.0
64094	0.0
641	0.0
64116	0.0
64121	0.0
64127	0.0198019801980198
64131	0.0
64132	0.0
64135	0.0
64170	0.0
64175	0.0
6418	0.0
64207	0.0
64208	0.0
64218	0.0
64220	0.0
64221	0.0
6424	0.0
64240	0.0
64241	0.0
6427	0.0
64321	0.0
643226	0.0
64324	0.0
64327	0.0
643418	0.0
64359	0.0
64374	0.0
64376	0.0
64388	0.0
6439	0.0
644	0.0
6440	0.0
644096	0.0
64411	0.0
64412	0.0
64419	0.0
6442	0.0
64421	0.0
64423	0.0
6443	0.0
64432	0.0
6444	0.0
64446	0.0
6445	0.0
6448	0.0
645104	0.0
64518	0.0
6452	0.0
6455	0.0
64581	0.0
646	0.0
64601	0.0
6468	0.0
64682	0.0
6469	0.0
646960	0.0
64699	0.0
64711	0.0
6472	0.0
6473	0.0
6476	0.0
6477	0.0
64780	0.0
64787	0.0
64788	0.0
64801	0.0
64802	0.0
64805	0.0
64834	0.0
64837	0.0
64840	0.0
64841	0.0
64849	0.0
64856	0.0
64857	0.0
64858	0.0
64859	0.0
64864	0.0
6487	0.0
649	0.0
64902	0.0
6491	0.0
64919	0.0
6492	0.0
6495	0.0
6496	0.0
6497	0.0
6499	0.0
650	0.0
65018	0.0
6505	0.0
65055	0.0
65057	0.0
6506	0.0
65062	0.0
6507	0.0
65078	0.0
6508	0.0
65080	0.0
65082	0.0
6509	0.0
65109	0.0
65125	0.0
6513	0.0
6514	0.0
6515	0.0
6519	0.0
652	0.0
6521	0.0
65217	0.0
6522	0.0
6523	0.0
6524	0.0
65250	0.0
65260	0.0
65266	0.0
65267	0.0
6528	0.0
6529	0.0
6530	0.0
6531	0.0
6532	0.0
6533	0.0
653361	0.0
6535	0.0
653509	0.0
6536	0.0
654	0.0
6548	0.0
6550	0.0
6554	0.0
6555	0.0
6556	0.0
6557	0.0
6558	0.0
6559	0.0
6566	0.0
6567	0.0
6569	0.0
657	0.0
6571	0.0
6572	0.0
6573	0.0
6575	0.0
6576	0.0
6578	0.0
658	0.0
6583	0.0
6584	0.0
659	0.0
6591	0.0
6595	0.0
6597	0.0
65975	0.0
6598	0.0
6599	0.0
65992	0.0
65993	0.0
65998	0.0
6601	0.0
6602	0.0
6603	0.0
6605	0.0
6606	0.0
6607	0.0
6608	0.0
6609	0.0
6611	0.0
6616	0.0
6620	0.0
6621	0.0
6622	0.0
6628	0.0
6635	0.0
6638	0.0
6640	0.0
6647	0.0
6650	0.0
6651	0.0
6652	0.0
6653	0.0
6654	0.0
6655	0.0
6657	0.0
6658	0.0
6659	0.0
6660	0.0
6662	0.0
6663	0.0
6664	0.0
667	0.0
6674	0.0
6678	0.0
668	0.0
6683	0.0
6687	0.0
6688	0.0
6689	0.0
669	0.0
6690	0.0
6691	0.0
6694	0.0
6696	0.0
6697	0.0
6708	0.0
6709	0.0
6710	0.0
6711	0.0
6712	0.0
6714	0.0
6716	0.0
6718	0.0
672	0.0
6720	0.0
6722	0.0
6728	0.0
6729	0.0
673	0.0
6730	0.0
6731	0.0
6736	0.0
6742	0.0
6748	0.0
675	0.0
6756	0.0
676	0.0
6768	0.0
6770	0.0
6772	0.0
6773	0.0
6774	0.0
6775	0.0
6777	0.0
6778	0.0
677814	0.0
678	0.0
6785	0.0
6786	0.0
6789	0.0
6790	0.0
6792	0.0
6794	0.0
6795	0.0
6804	0.0
6809	0.0
6810	0.0
6811	0.0
6812	0.0
6813	0.0
6820	0.0
6821	0.0
6833	0.0
6834	0.0
6840	0.0
6843	0.0
6844	0.0
6845	0.0
6850	0.0196078431372549
6853	0.0
6854	0.0
6855	0.0
6857	0.0
686	0.0
6862	0.0
6866	0.0
6868	0.0
6870	0.0
6872	0.0
6873	0.0
6874	0.0
6875	0.0
6878	0.0
6884	0.0
6885	0.0036764705882352
6886	0.0
6887	0.0
6888	0.0
6890	0.0
6891	0.0
6892	0.0
6897	0.0
6898	0.0
6899	0.0
6900	0.0
6901	0.0
6904	0.0
6905	0.0
6907	0.0
6908	0.0
6909	0.0
6910	0.0
6911	0.0
6913	0.0
6915	0.0
6916	0.0
6925	0.0049751243781094
6926	0.0
6927	0.0
6928	0.0
6929	0.0
6934	0.0
6935	0.0
6938	0.0
6942	0.0
6945	0.0
6948	0.0
6949	0.0
695	0.0
699	0.0
6997	0.0
6999	0.0
70	0.0
7003	0.0
7007	0.0
701	0.0
7010	0.0
7012	0.0
7015	0.0
7018	0.0
7019	0.0
7020	0.0
7021	0.0
7025	0.0
7026	0.0
7030	0.0
7036	0.0
7037	0.0
7038	0.0
7039	0.0
7040	0.0
7042	0.0
7043	0.0
7044	0.0
7045	0.0
7046	0.0
7048	0.0
7049	0.0
7050	0.0
7051	0.0
7053	0.0
7054	0.0
7056	0.0
7058	0.0
7062	0.0
7066	0.0
7067	0.0
7068	0.0
7072	0.0
7074	0.0
7075	0.0
7078	0.0
708	0.0
7080	0.0
7084	0.0
7086	0.0
7092	0.0
7097	0.0
7098	0.0
7099	0.0
71	0.0
710	0.0
7102	0.0
7109	0.0
7112	0.0
712	0.0
7123	0.0
7124	0.0
7125	0.0
7128	0.0
713	0.0
7132	0.0
7133	0.0
7134	0.0
7136	0.0
7137	0.0
7138	0.0
7139	0.0
714	0.0
7140	0.0
7143	0.0
7145	0.0
7148	0.0
715	0.0
7156	0.0
7157	0.0
716	0.0
7161	0.0
7167	0.0
7168	0.0
7169	0.0
717	0.0
7170	0.0
7171	0.0
7172	0.0
7173	0.0
7174	0.0
7175	0.0
718	0.0
7187	0.0
7189	0.0
72	0.0
720	0.0
7200	0.0
7201	0.0
7204	0.0
721	0.0
7222	0.0
7225	0.0
7227	0.0
7234	0.0
724066	0.0
7248	0.0
7249	0.0
7252	0.0
7253	0.0
7258	0.0
7259	0.0
726	0.0
727	0.0
7273	0.0
7274	0.0
7275	0.0
7276	0.0
727676	0.0
7277	0.0
727857	0.0
727897	0.0
7280	0.0
728294	0.0
7283	0.0
7284	0.0
7286	0.0
7287	0.0
7289	0.0
729	0.0
7290	0.0
7291	0.0
7292	0.0
729230	0.0
729238	0.0
7293	0.0
729359	0.0
7297	0.0
7298	0.0
7299	0.0
729920	0.0
730	0.0
7305	0.0
7306	0.0
731	0.0
7314	0.0
7317	0.0
7319	0.0
732	0.0
7332	0.0
7337	0.0
7341	0.0
7343	0.0
7345	0.0
735	0.0
7351	0.0
7352	0.0
7353	0.0
7355	0.0
7358	0.0
7360	0.0
7369	0.0
7372	0.0
7373	0.0
7374	0.0
738	0.0
7381	0.0
7384	0.0
7385	0.0
7386	0.0
7388	0.0
7389	0.0
7390	0.0
7399	0.0
7401	0.0
7403	0.0
7407	0.0
7414	0.0
7415	0.0
7421	0.0
7424	0.0
7428	0.0
7431	0.0
7436	0.0
7439	0.0
7443	0.0
745	0.0
7450	0.0
7453	0.0
7454	0.008130081300813
7456	0.0
7458	0.0
7461	0.0
7466	0.0
7467	0.0
7468	0.0
7469	0.0
7471	0.0
7473	0.0
7474	0.0
7475	0.0
7476	0.0
7477	0.0
7480	0.0
7481	0.0
7482	0.0
7484	0.0
7486	0.0
7490	0.0
7498	0.0
7504	0.0
7507	0.0
7508	0.0
7512	0.0
7515	0.0
7516	0.0
7517	0.0
7518	0.0
7528	0.0
7531	0.0
7532	0.0
7535	0.0
7543	0.0
7545	0.0
7546	0.0
7547	0.0
755	0.0
7552	0.0
7555	0.0
760	0.0
762	0.0
763	0.0
767	0.0
7681	0.0
768206	0.0
7700	0.0
7701	0.0
7703	0.0
7704	0.0
7707	0.0
771	0.0
7716	0.0
773	0.0
7737	0.0
774	0.0
775	0.0
7750	0.0
776	0.0
777	0.0
778	0.0
7780	0.0
7783	0.0
7784	0.0
779	0.0
7798	0.0
7802	0.0
7809	0.0
781	0.0
7827	0.0
783	0.0
7837	0.0
7840	0.0
7841	0.0
7846	0.0
7849	0.0
785	0.0
7852	0.0
7855	0.0
7862	0.0
7867	0.0
7871	0.0
7873	0.0
7874	0.0
7879	0.0
788	0.0
78987	0.0
78989	0.0
78995	0.0
790	0.0
79001	0.0
79005	0.0
79023	0.0
79029	0.0
79042	0.0
79048	0.0
79053	0.0
79058	0.0
79068	0.0
79083	0.0
79087	0.0
79092	0.0
790955	0.0
791114	0.0
79133	0.0
79140	0.0
79143	0.0
79147	0.0
7915	0.0
79152	0.0
79158	0.0
79184	0.0
79188	0.0
7920	0.0
7922	0.0
79228	0.0
79258	0.0
7941	0.0
79415	0.0408163265306122
79443	0.0
7957	0.0
79572	0.0
79574	0.0
79576	0.0
79577	0.0
79581	0.0
79583	0.0
79587	0.0
79600	0.0
79621	0.0
79625	0.0
79628	0.0
79631	0.0
79633	0.0
79639	0.0
79641	0.0
79644	0.0
79645	0.0
79648	0.0
7965	0.0
79650	0.0
79651	0.0
79659	0.0
79665	0.0
79669	0.0
79693	0.0
79703	0.0
79705	0.0
79709	0.0
79717	0.0
79718	0.0
79719	0.0
79722	0.0
79728	0.0
79731	0.0
79734	0.0
79736	0.0
79738	0.0
79751	0.0
79753	0.0
79755	0.0
79759	0.0
79770	0.0
79783	0.0
79784	0.0
7979	0.0
79791	0.0
79796	0.0
79797	0.0
79798	0.0
79803	0.0
79809	0.0
79813	0.0
79816	0.0
79823	0.0
79827	0.0
79840	0.0
79846	0.0
79848	0.0
79853	0.0
79867	0.0
79868	0.0
79875	0.0
79876	0.0
79879	0.0
79882	0.0
799	0.0
79902	0.0
79903	0.0
7991	0.0
79912	0.0
79925	0.0
79932	0.0
79934	0.0
7994	0.0
79944	0.0
79947	0.0
79955	0.0
79966	0.0
79971	0.0
79977	0.0
79983	0.0
79987	0.0
79989	0.0
79991	0.0
80000	0.0
80025	0.0
80036	0.0
80055	0.0
80067	0.0
801	0.0
80114	0.0
8013	0.0
80144	0.0
80150	0.0
80152	0.0
80153	0.0
80155	0.0
80169	0.0
80173	0.0
80184	0.0
80185	0.0
80199	0.0
80201	0.0
80204	0.0
80206	0.0
80207	0.0
80208	0.0
8021	0.0
80210	0.0
80216	0.0
80217	0.0
8022	0.0
80222	0.0
80224	0.0
80232	0.0
80254	0.0
80267	0.0
80270	0.0
8028	0.0
8029	0.0
80308	0.0
80311	0.0
80320	0.0
80324	0.0
80326	0.0
80331	0.0
80347	0.0
8036	0.0
8048	0.0
805	0.0
8050	0.0
80704	0.0
80705	0.0
80726	0.0
80736	0.0
80739	0.0
8074	0.0
80746	0.0
8076	0.0
80776	0.0
80781	0.0
808	0.0
80816	0.0
80821	0.0
80832	0.0
8085	0.0
80856	0.0
8086	0.0
8087	0.0
8091	0.0
8092	0.0
81	0.0
8100	0.0
81027	0.0
81031	0.0
81034	0.0
8106	0.0
811	0.0
8111	0.0
8120	0.0
8131	0.0
8139	0.0
8148	0.0
81494	0.0
815	0.0
81545	0.0
81555	0.0
81562	0.0
81570	0.0
81575	0.0
816	0.0
81603	0.0
81607	0.0
81608	0.0
81614	0.0
81615	0.0
81620	0.0
81622	0.0
81624	0.0
81689	0.0
81693	0.0
81704	0.0
81788	0.0
81790	0.0
81794	0.0
81796	0.0
818	0.0
81833	0.0
81839	0.0
81846	0.0
81848	0.0
81857	0.0
81858	0.0
81887	0.0
819	0.0
8192	0.0
8195	0.0
8200	0.0
8204	0.0
8214	0.0
8216	0.0
8218	0.0
8220	0.0
823	0.0
8239	0.0
8241	0.0
8242	0.0
8243	0.0
825	0.0
826	0.0
8260	0.0
8270	0.0
8284	0.0
8287	0.0
8288	0.0
8289	0.0
8291	0.0
8292	0.0
8294	0.0
8295	0.0
8301	0.0
8302	0.0
8309	0.0
831	0.0
8312	0.0
8313	0.0
8314	0.0
8318	0.0
8320	0.0
8322	0.0
8323	0.0
8328	0.0
833	0.0
83394	0.0
83449	0.0
83452	0.0
83475	0.0
83478	0.0
83479	0.0
83480	0.0
83483	0.0
835	0.0
83538	0.0
83544	0.0
83548	0.0
83550	0.0
83552	0.0
83595	0.0
83605	0.0
8363	0.0
83636	0.0
8364	0.0
8367	0.0
83696	0.0
83700	0.0
83706	0.0
83715	0.0
83723	0.0
83737	0.0
8379	0.0
8382	0.0
83844	0.0
83854	0.0
83861	0.0
83871	0.0
83872	0.0
83879	0.0
83893	0.0
83894	0.0
83932	0.0
83938	0.0
83959	0.0
8398	0.0
83987	0.0
83990	0.0
83999	0.0
8402	0.0
84033	0.0
8405	0.0
84059	0.0
84061	0.0
84062	0.0
84065	0.0
84068	0.0
84071	0.0
84074	0.0
84081	0.0
841	0.0
84100	0.0
84126	0.0
84131	0.0
84133	0.0
84138	0.0
84140	0.0
84146	0.0
84148	0.0
84153	0.0
84162	0.0
84163	0.0
84168	0.0
84172	0.0
84173	0.0
84181	0.0
84188	0.0
84189	0.0
8419	0.0
84196	0.0
84197	0.0
84225	0.0
84231	0.0
84233	0.0
8425	0.0
84265	0.0
84274	0.0
84277	0.0
84282	0.0
84295	0.0
843	0.0
84300	0.0
8431	0.0
84314	0.0
84317	0.0
84320	0.0
84334	0.0
84340	0.0
84342	0.0
84343	0.0
8438	0.0
844	0.0
8443	0.0
84433	0.03125
84464	0.0
84466	0.0
8449	0.0
845	0.0
8450	0.0
84504	0.0
84515	0.0
8452	0.0
84520	0.0
84522	0.0
84529	0.0
84548	0.0
8456	0.0
84570	0.0
84572	0.0
846	0.0
84617	0.0
8462	0.0
84627	0.0
84628	0.0
84631	0.0
84634	0.0
84656	0.0
84660	0.0
84662	0.0
84665	0.0
84667	0.0
84668	0.0
84679	0.0
8468	0.0
84690	0.0
84693	0.0
84695	0.0
84699	0.0
847	0.0
84700	0.0
84701	0.0
84705	0.0
84706	0.0
8471	0.0
84720	0.0
8473	0.0
84733	0.0
8481	0.0
84816	0.0
84818	0.0
8482	0.0
84823	0.0
84833	0.0
84839	0.0
84842	0.0
84868	0.0
84876	0.0
84879	0.0
84888	0.0
84892	0.0
84894	0.0
84896	0.0
84899	0.0
8490	0.0
84905	0.0
84909	0.0
84919	0.0
8492	0.0
8493	0.0
84936	0.0
84942	0.0
84946	0.0
84947	0.0
84957	0.0
8496	0.0
84976	0.0
84978	0.0
84984	0.0
84987	0.0
84992	0.0
85007	0.0
85015	0.0
85016	0.0
85021	0.0
8504	0.0
8506	0.0
8510	0.0
8514	0.0
8516	0.0
8517	0.0
8518	0.0
8526	0.0
85300	0.0
85301	0.0
85358	0.0
85365	0.0
85366	0.0
85378	0.0
8540	0.0
8542	0.0
85440	0.0
85446	0.0
85452	0.0
85459	0.0
8546	0.0
85465	0.0
8547	0.0
85476	0.0
85478	0.0
8550	0.0
8556	0.0
8557	0.0
8558	0.0
8560	0.0
8565	0.0
8566	0.0
8567	0.0
857	0.0
8572	0.0
8573	0.0
8575	0.0
859	0.0
860	0.0
8600	0.0
8604	0.0
861	0.0
8621	0.0
8622	0.0
8625	0.0
8626	0.0
8629	0.0
8632	0.0
8635	0.0
8642	0.0
8643	0.0
8647	0.0
865	0.0
8651	0.0
8653	0.0
8659	0.0
866	0.0
8660	0.0
86614	0.0
8665	0.0
867	0.0
8671	0.0
8675	0.0
8676	0.0
868	0.0
8694	0.0
87	0.0
8701	0.0
871	0.0
8710	0.0
87178	0.0
8720	0.0
8722	0.0
8726	0.0
8729	0.0
8733	0.0
8737	0.0
8738	0.0
875	0.0
8754	0.0
8763	0.0
8772	0.0
8777	0.0
8787	0.0
8788	0.0
8789	0.0
8792	0.0
8795	0.0
8799	0.0
88	0.0
8802	0.0
8803	0.0
881	0.0
8812	0.0
8813	0.0
8815	0.0
8818	0.0
8820	0.0
8822	0.0
8823	0.0
8828	0.0
8829	0.0
8831	0.0
8838	0.0
8842	0.0
8854	0.0
8863	0.0
8864	0.0
8867	0.0
8869	0.0
8878	0.0
8879	0.0
8882	0.0
8883	0.0
8884	0.0
8888	0.0
889	0.0
8890	0.0
8891	0.0
8892	0.0
8893	0.0
8898	0.0
8905	0.0
8910	0.0
8911	0.0
8912	0.0
8913	0.0
8914	0.0
8915	0.0
8924	0.0
8925	0.0
8928	0.0
8929	0.0
8930	0.0
8936	0.0
894	0.0
8942	0.0
8943	0.0
8945	0.0
8974	0.0
89765	0.0
89780	0.0
89781	0.0
8985	0.0
89866	0.0
89869	0.0
89874	0.0
89876	0.0
8988	0.0
89884	0.0
8989	0.0
89891	0.0
899	0.0
8991	0.0
89910	0.0
8996	0.0
89970	0.0
90	0.0
90121	0.0
9015	0.0
90161	0.0
90167	0.0
9020	0.0
90268	0.0
9031	0.0
9037	0.0
90411	0.0
90416	0.0
90417	0.0
90459	0.0
9049	0.0
9051	0.025
90522	0.0
90523	0.0
9054	0.0
9056	0.0
9060	0.0
90624	0.0
90665	0.0
90678	0.0
9071	0.0
9075	0.0
9076	0.0
9080	0.0
9081	0.0
9082	0.0
9083	0.0
9084	0.0
9085	0.0
9091	0.0
9094	0.0
9095	0.0
90952	0.0
9096	0.0
90993	0.0
91	0.0
9101	0.0
9103	0.0
91039	0.0
91057	0.0
91137	0.0
91147	0.0
91179	0.0
91181	0.0
91252	0.0
9126	0.0
9128	0.0
9129	0.0
9130	0.0
9131	0.0
9132	0.0
9138	0.0
91452	0.0
91461	0.0
9147	0.0
9149	0.0
915	0.0
9150	0.0
9152	0.0
9154	0.0
91574	0.0
9158	0.0
916	0.0
91624	0.0
91647	0.0
91662	0.0
917	0.0
91754	0.0
9179	0.0
9180	0.0
91801	0.0
9181	0.0
9184	0.0
91851	0.0
91869	0.0
9187	0.0
91875	0.0
919	0.0
91942	0.0
91949	0.0
9197	0.0
920	0.0
9200	0.0
92002	0.0
9203	0.0
9210	0.0
9211	0.0
9213	0.0
9215	0.0
92154	0.0
9217	0.0
92211	0.0
92255	0.0
9227	0.0
9230	0.0
9231	0.0
92335	0.0
92344	0.0
92345	0.0
9241	0.0
9244	0.0
9247	0.0
92482	0.0
925	0.0
9254	0.0
9255	0.0
9256	0.0
92579	0.0
92609	0.0
92667	0.0
92749	0.0
9276	0.0
92840	0.0
9289	0.0
92935	0.0
9294	0.0
92949	0.0
93	0.0
930	0.0
93035	0.0
931	0.0
9313	0.0
93166	0.0
93183	0.0
9319	0.0
9320	0.0
9321	0.0
93210	0.0
93233	0.0
9325	0.0
9326	0.0
9333	0.0
9338	0.0
9342	0.0
93426	0.0
9343	0.0
9354	0.0
93587	0.0
93589	0.0
9361	0.0
93627	0.0
9364	0.0
93649	0.0
9365	0.0
93650	0.0
9368	0.0
9371	0.0
9373	0.0
9377	0.0
9378	0.0
9380	0.0
9381	0.0
9382	0.0
939	0.0
9394	0.0
93953	0.0
93986	0.0
94	0.0
940	0.0
94005	0.0
9401	0.0
94025	0.0
9409	0.0
9411	0.0
94137	0.0
9414	0.0
9419	0.0
9420	0.0
9421	0.0
9423	0.0
9426	0.0
9427	0.0
9439	0.0
9440	0.0
9442	0.0
9445	0.0
9451	0.0
9453	0.0
9455	0.0
9464	0.0
9469	0.0
9474	0.0
9479	0.0
948	0.0
9487	0.0
9488	0.0
9493	0.0
9496	0.0
9497	0.0
9499	0.0
95	0.0
950	0.0
9508	0.0
9509	0.0
9512	0.0
9516	0.0
9517	0.0
9518	0.0
9524	0.0
9526	0.0
9529	0.0
953	0.0
9531	0.0
9533	0.0
9555	0.0
9562	0.0
9563	0.0
9568	0.0
95681	0.0
9569	0.0
9570	0.0
9573	0.0
9578	0.0
958	0.0
9581	0.0
959	0.0
9607	0.0
9620	0.0
9622	0.0
9627	0.0
9630	0.0
9631	0.0
9632	0.0
9636	0.0
9639	0.0
9640	0.0
96459	0.0476190476190476
9646	0.0
9652	0.0
9653	0.0
9657	0.0
966	0.0
9662	0.0
9663	0.0
9672	0.0
9675	0.0
9681	0.0
9688	0.0
9690	0.0
9692	0.0
9693	0.0
9698	0.0
9699	0.0
970	0.0
9702	0.0
9711	0.0
9719	0.0
9722	0.0
9723	0.0
9725	0.0
973	0.0
9731	0.0
9734	0.0
9739	0.0
974	0.0
9742	0.0
975	0.0
9750	0.0
9757	0.0
9758	0.0
9759	0.0
977	0.0
9772	0.0
9775	0.0
9780	0.0
9782	0.0
9785	0.0
9786	0.0
9790	0.0
9791	0.0
9817	0.0
9820	0.0
9821	0.0
9829	0.0
9837	0.0
9839	0.0
9841	0.0
9842	0.0
9851	0.0
9853	0.0
9860	0.0
9863	0.0
987	0.0
9871	0.0
9881	0.0
9885	0.0
9894	0.0
9895	0.0
9896	0.0
9897	0.0
9898	0.0
990	0.0
9900	0.0
9907	0.0
991	0.0
9915	0.0
9917	0.0
9918	0.0
9922	0.0
9927	0.0
9928	0.0
9935	0.0
9939	0.0
9940	0.0
9948	0.0
9949	0.0
9966	0.0
9968	0.0
9969	0.0
9971	0.0
998	0.0
9984	0.0
9987	0.0
999	0.0
9990	0.0
9992	0.0
9993	0.0
9997	0.0
NCBIGENEID	0.0
